word,date
a,2026-01-18
aah,2026-01-17
abandon,2026-01-17
ability,2026-01-18
able,2026-01-17
about,2026-01-17
above,2026-01-18
abroad,2026-01-22
absolute,2026-01-18
absolutely,2026-01-17
abuse,2026-01-17
academic,2026-01-18
academy,2026-01-26
accept,2026-01-17
acceptable,2026-01-18
access,2026-01-18
accident,2026-01-17
accidentally,2026-01-26
accompany,2026-01-26
according,2026-01-18
account,2026-01-17
accurate,2026-01-26
achieve,2026-01-18
achievement,2026-01-19
acid,2026-01-18
acquire,2026-01-22
across,2026-01-17
act,2026-01-17
action,2026-01-18
active,2026-01-18
activity,2026-01-18
actor,2026-01-18
actress,2026-01-18
actual,2026-01-17
actually,2026-01-17
ad,2026-01-18
adapt,2026-01-18
add,2026-01-17
addition,2026-01-18
additional,2026-01-22
address,2026-01-17
adj,2026-01-18
adjust,2026-01-18
admire,2026-01-19
admit,2026-01-17
adopt,2026-01-18
adorable,2026-01-17
adult,2026-01-17
adv,2026-01-18
advanced,2026-01-18
advantage,2026-01-17
adventure,2026-01-22
advertise,2026-01-22
advertisement,2026-01-18
advertising,2026-01-22
advice,2026-01-17
advise,2026-01-18
affair,2026-01-17
affect,2026-01-21
afford,2026-01-17
afraid,2026-01-17
after,2026-01-17
afternoon,2026-01-17
again,2026-01-17
against,2026-01-17
age,2026-01-17
agency,2026-01-18
agenda,2026-01-22
agent,2026-01-17
ago,2026-01-17
agree,2026-01-17
agreement,2026-01-22
ah,2026-01-17
ahead,2026-01-17
aim,2026-01-22
air,2026-01-17
aircraft,2026-01-18
airline,2026-01-18
airport,2026-01-17
alarm,2026-01-18
album,2026-01-18
alcohol,2026-01-22
alive,2026-01-17
all,2026-01-17
allow,2026-01-17
almost,2026-01-17
alone,2026-01-17
along,2026-01-17
already,2026-01-17
also,2026-01-17
alternative,2026-01-21
although,2026-01-17
always,2026-01-17
amaze,2026-01-17
amazed,2026-01-26
amazing,2026-01-17
ambition,2026-01-18
ambulance,2026-01-17
american,2026-01-18
among,2026-01-18
amount,2026-01-21
an,2026-01-17
analysis,2026-01-21
analyze,2026-01-21
ancient,2026-01-18
and,2026-01-17
andrew,2026-01-17
anger,2026-01-18
angry,2026-01-17
animal,2026-01-18
anniversary,2026-01-18
announce,2026-01-21
announcement,2026-01-19
annoy,2026-01-18
annoyed,2026-01-21
annoying,2026-01-21
annual,2026-01-18
another,2026-01-17
answer,2026-01-17
anxious,2026-01-18
any,2026-01-17
anybody,2026-01-17
anymore,2026-01-17
anyone,2026-01-17
anything,2026-01-17
anyway,2026-01-17
anywhere,2026-01-17
apart,2026-01-17
apartment,2026-01-17
apologize,2026-01-17
apology,2026-01-17
app,2026-01-18
apparently,2026-01-17
appear,2026-01-18
apple,2026-01-18
application,2026-01-23
apply,2026-01-18
appointment,2026-01-17
appreciate,2026-01-17
approach,2026-01-21
appropriate,2026-01-21
approve,2026-01-22
april,2026-01-18
architecture,2026-01-21
area,2026-01-17
argue,2026-01-17
argument,2026-01-18
arm,2026-01-17
armed,2026-01-23
arms,2026-01-18
army,2026-01-18
around,2026-01-17
arrange,2026-01-22
arrangement,2026-01-17
arrest,2026-01-17
arrival,2026-01-26
arrive,2026-01-17
art,2026-01-17
article,2026-01-18
artificial,2026-01-18
artist,2026-01-21
as,2026-01-17
ash,2026-01-22
ashamed,2026-01-17
aside,2026-01-21
ask,2026-01-17
asleep,2026-01-17
aspect,2026-01-22
ass,2026-01-26
assault,2026-01-26
assume,2026-01-17
at,2026-01-17
athlete,2026-01-21
attach,2026-01-21
attack,2026-01-17
attempt,2026-01-22
attend,2026-01-19
attention,2026-01-17
attitude,2026-01-22
attorney,2026-01-22
attract,2026-01-21
attraction,2026-01-22
attractive,2026-01-22
audience,2026-01-22
august,2026-01-18
aunt,2026-01-17
author,2026-01-18
available,2026-01-17
average,2026-01-26
avoid,2026-01-17
awake,2026-01-22
award,2026-01-18
aware,2026-01-17
away,2026-01-17
awesome,2026-01-17
awful,2026-01-17
awkward,2026-01-17
babe,2026-01-17
baby,2026-01-17
back,2026-01-17
background,2026-01-21
backup,2026-01-26
bad,2026-01-17
badly,2026-01-17
bag,2026-01-17
bail,2026-01-17
bake,2026-01-22
balance,2026-01-21
ball,2026-01-17
banana,2026-01-18
band,2026-01-18
bang,2026-01-17
bank,2026-01-17
bar,2026-01-17
barbecue,2026-01-17
barely,2026-01-26
base,2026-01-19
baseball,2026-01-17
based,2026-01-23
basic,2026-01-18
basically,2026-01-23
basis,2026-01-26
basketball,2026-01-18
bastard,2026-01-18
bath,2026-01-23
bathroom,2026-01-17
battery,2026-01-26
battle,2026-01-22
be,2026-01-17
beach,2026-01-26
bean,2026-01-19
bear,2026-01-17
beat,2026-01-17
beautiful,2026-01-17
beauty,2026-01-19
because,2026-01-17
become,2026-01-17
bed,2026-01-17
bedroom,2026-01-17
bee,2026-01-19
beef,2026-01-19
beer,2026-01-17
before,2026-01-17
beg,2026-01-17
begin,2026-01-17
beginning,2026-01-25
behave,2026-01-18
behavior,2026-01-17
behind,2026-01-17
being,2026-01-19
belief,2026-01-19
believe,2026-01-17
bell,2026-01-18
belong,2026-01-17
below,2026-01-21
ben,2026-01-26
bend,2026-01-21
beneath,2026-01-26
benefit,2026-01-18
benjamin,2026-01-26
besides,2026-01-17
best,2026-01-17
bet,2026-01-17
betrayal,2026-01-18
better,2026-01-19
between,2026-01-17
beyond,2026-01-19
bicycle,2026-01-22
big,2026-01-17
bike,2026-01-17
bill,2026-01-17
billion,2026-01-25
bind,2026-01-26
biology,2026-01-19
bird,2026-01-19
birth,2026-01-17
birthday,2026-01-17
bit,2026-01-17
bitch,2026-01-17
bite,2026-01-17
black,2026-01-17
blackmail,2026-01-17
blame,2026-01-17
bless,2026-01-17
blind,2026-01-17
block,2026-01-17
blog,2026-01-22
blood,2026-01-17
blow,2026-01-17
blue,2026-01-17
board,2026-01-22
boat,2026-01-19
bob,2026-01-17
body,2026-01-17
boil,2026-01-19
bomb,2026-01-22
bone,2026-01-26
bonus,2026-01-17
boob,2026-01-17
book,2026-01-17
boot,2026-01-17
bored,2026-01-26
boring,2026-01-19
born,2026-01-22
borrow,2026-01-17
boss,2026-01-22
both,2026-01-17
bother,2026-01-17
bottle,2026-01-17
bottom,2026-01-17
bounce,2026-01-26
bowl,2026-01-17
box,2026-01-17
boy,2026-01-17
boyfriend,2026-01-17
boys,2026-01-17
bra,2026-01-18
brain,2026-01-17
branch,2026-01-19
brave,2026-01-19
break,2026-01-17
breakfast,2026-01-17
breast,2026-01-18
breath,2026-01-17
breathe,2026-01-26
breathing,2026-01-19
bride,2026-01-21
bridge,2026-01-19
brief,2026-01-18
brilliant,2026-01-18
bring,2026-01-17
broad,2026-01-22
broadcast,2026-01-19
broken,2026-01-21
brother,2026-01-17
brown,2026-01-22
brush,2026-01-21
bubble,2026-01-26
buck,2026-01-26
bucket,2026-01-18
buddy,2026-01-17
budget,2026-01-19
bug,2026-01-22
build,2026-01-17
building,2026-01-17
bullet,2026-01-19
bunch,2026-01-18
burn,2026-01-17
bury,2026-01-17
bus,2026-01-17
bush,2026-01-19
business,2026-01-17
businessman,2026-01-22
busy,2026-01-17
but,2026-01-17
butt,2026-01-22
butter,2026-01-21
butterfly,2026-01-26
button,2026-01-17
buy,2026-01-17
by,2026-01-17
bye,2026-01-17
cable,2026-01-19
cafe,2026-01-19
cake,2026-01-17
calculate,2026-01-26
call,2026-01-17
calm,2026-01-17
camera,2026-01-17
camp,2026-01-17
can,2026-01-17
cancel,2026-01-17
cancer,2026-01-17
candle,2026-01-17
candy,2026-01-17
cannot,2026-01-17
cap,2026-01-19
capable,2026-01-17
capital,2026-01-26
car,2026-01-17
card,2026-01-17
care,2026-01-17
career,2026-01-17
careful,2026-01-17
carefully,2026-01-19
careless,2026-01-22
carlos,2026-01-17
carrot,2026-01-25
carry,2026-01-17
cartoon,2026-01-19
case,2026-01-17
cash,2026-01-17
cast,2026-01-21
casual,2026-01-17
cat,2026-01-17
catch,2026-01-17
category,2026-01-26
cause,2026-01-17
cd,2026-01-18
celebrate,2026-01-17
celebration,2026-01-23
cell,2026-01-17
cent,2026-01-19
center,2026-01-17
ceremony,2026-01-18
certain,2026-01-17
certainly,2026-01-17
chain,2026-01-21
chair,2026-01-17
chairman,2026-01-26
challenge,2026-01-18
champagne,2026-01-17
chance,2026-01-17
change,2026-01-17
channel,2026-01-26
chapter,2026-01-18
character,2026-01-19
charge,2026-01-17
charity,2026-01-21
chart,2026-01-21
chat,2026-01-17
cheap,2026-01-19
cheat,2026-01-17
check,2026-01-17
cheer,2026-01-17
cheerful,2026-01-25
cheese,2026-01-17
chemistry,2026-01-26
chest,2026-01-17
chew,2026-01-26
chicken,2026-01-18
chief,2026-01-26
child,2026-01-17
childhood,2026-01-18
chinese,2026-01-26
chip,2026-01-21
chocolate,2026-01-17
choice,2026-01-17
choose,2026-01-17
christmas,2026-01-17
chuck,2026-01-26
church,2026-01-17
circle,2026-01-19
circumstance,2026-01-19
citizen,2026-01-19
city,2026-01-17
claim,2026-01-25
class,2026-01-17
classic,2026-01-22
classroom,2026-01-26
clean,2026-01-17
clear,2026-01-17
clearly,2026-01-17
clever,2026-01-19
click,2026-01-19
client,2026-01-17
climb,2026-01-21
clock,2026-01-19
close,2026-01-17
closed,2026-01-21
closet,2026-01-17
cloth,2026-01-26
clothes,2026-01-17
clothing,2026-01-26
cloud,2026-01-22
club,2026-01-17
clue,2026-01-26
coach,2026-01-22
coat,2026-01-18
cocktail,2026-01-22
code,2026-01-21
coffee,2026-01-17
coin,2026-01-21
cold,2026-01-17
collect,2026-01-21
collection,2026-01-21
college,2026-01-17
color,2026-01-17
colored,2026-01-21
column,2026-01-21
coma,2026-01-17
combine,2026-01-21
come,2026-01-17
comedy,2026-01-21
comfort,2026-01-17
comfortable,2026-01-17
command,2026-01-21
comment,2026-01-26
commit,2026-01-17
commitment,2026-01-17
common,2026-01-17
commonly,2026-01-21
communicate,2026-01-22
community,2026-01-21
company,2026-01-17
compare,2026-01-21
compete,2026-01-21
competitor,2026-01-21
complain,2026-01-19
complete,2026-01-17
completely,2026-01-17
complex,2026-01-21
complicated,2026-01-22
component,2026-01-21
computer,2026-01-21
concentrate,2026-01-26
concept,2026-01-26
concern,2026-01-17
concerned,2026-01-21
concert,2026-01-19
conclusion,2026-01-19
condition,2026-01-17
conference,2026-01-23
confess,2026-01-17
confession,2026-01-17
confidence,2026-01-22
confident,2026-01-18
confirm,2026-01-21
conflict,2026-01-21
confront,2026-01-17
confuse,2026-01-18
confused,2026-01-21
confusing,2026-01-21
congratulation,2026-01-17
conj,2026-01-21
connect,2026-01-18
connected,2026-01-26
connection,2026-01-21
conscious,2026-01-23
consequence,2026-01-25
consider,2026-01-17
constantly,2026-01-21
contact,2026-01-26
contain,2026-01-22
container,2026-01-22
context,2026-01-26
continue,2026-01-17
contribute,2026-01-26
contribution,2026-01-26
control,2026-01-17
convenient,2026-01-21
conversation,2026-01-17
convert,2026-01-22
convince,2026-01-17
cook,2026-01-17
cookbook,2026-01-17
cookie,2026-01-21
cooking,2026-01-26
cool,2026-01-17
cop,2026-01-17
copy,2026-01-18
core,2026-01-21
corn,2026-01-26
corner,2026-01-17
correct,2026-01-22
correctly,2026-01-26
cost,2026-01-17
cotton,2026-01-26
could,2026-01-17
count,2026-01-18
country,2026-01-17
county,2026-01-22
couple,2026-01-17
courage,2026-01-22
course,2026-01-17
court,2026-01-26
cousin,2026-01-19
cover,2026-01-17
cow,2026-01-26
cowboy,2026-01-26
crap,2026-01-17
crash,2026-01-18
crazy,2026-01-17
cream,2026-01-17
create,2026-01-17
creation,2026-01-22
creative,2026-01-22
creature,2026-01-26
credit,2026-01-17
crime,2026-01-17
criminal,2026-01-18
cross,2026-01-17
crowd,2026-01-19
crowded,2026-01-26
cry,2026-01-17
culture,2026-01-25
cup,2026-01-17
curtain,2026-01-21
customer,2026-01-17
cut,2026-01-17
cute,2026-01-17
cycle,2026-01-23
dad,2026-01-17
daddy,2026-01-17
daily,2026-01-26
damage,2026-01-21
damn,2026-01-17
dana,2026-01-26
dance,2026-01-17
dancing,2026-01-26
danger,2026-01-21
dangerous,2026-01-17
dare,2026-01-17
dark,2026-01-17
darling,2026-01-19
data,2026-01-22
date,2026-01-17
daughter,2026-01-17
day,2026-01-17
de,2026-01-17
dead,2026-01-17
deal,2026-01-17
dear,2026-01-17
death,2026-01-17
decade,2026-01-25
decent,2026-01-25
decide,2026-01-17
decision,2026-01-17
declare,2026-01-22
decorate,2026-01-21
decoration,2026-01-25
deed,2026-01-26
deep,2026-01-17
deeply,2026-01-22
defeat,2026-01-26
defend,2026-01-17
defense,2026-01-17
definitely,2026-01-17
degree,2026-01-25
delay,2026-01-22
delicious,2026-01-18
deliver,2026-01-17
delivery,2026-01-21
demand,2026-01-17
demonstrate,2026-01-26
dentist,2026-01-23
deny,2026-01-22
department,2026-01-23
depend,2026-01-18
depressed,2026-01-23
depressing,2026-01-22
depth,2026-01-22
describe,2026-01-21
description,2026-01-23
deserve,2026-01-17
design,2026-01-17
designer,2026-01-21
desire,2026-01-21
desk,2026-01-18
desperate,2026-01-17
despite,2026-01-26
dessert,2026-01-17
destination,2026-01-25
destroy,2026-01-17
detail,2026-01-17
detect,2026-01-26
detective,2026-01-17
determine,2026-01-17
develop,2026-01-21
development,2026-01-18
device,2026-01-23
diamond,2026-01-17
die,2026-01-17
diet,2026-01-18
difference,2026-01-17
different,2026-01-17
differently,2026-01-21
difficult,2026-01-17
difficulty,2026-01-26
dig,2026-01-17
digital,2026-01-26
dinner,2026-01-17
direct,2026-01-23
directly,2026-01-21
dirt,2026-01-17
dirty,2026-01-17
disagree,2026-01-26
disappear,2026-01-17
disappointed,2026-01-21
disaster,2026-01-26
discover,2026-01-17
discovery,2026-01-18
discuss,2026-01-17
discussion,2026-01-21
dish,2026-01-18
dishonest,2026-01-26
disk,2026-01-23
dislike,2026-01-23
distance,2026-01-26
distract,2026-01-26
distribute,2026-01-26
dive,2026-01-26
divide,2026-01-26
division,2026-01-26
divorce,2026-01-17
divorced,2026-01-26
do,2026-01-17
doctor,2026-01-17
document,2026-01-22
dog,2026-01-17
dollar,2026-01-17
domain,2026-01-26
don,2026-01-17
donate,2026-01-21
donor,2026-01-22
door,2026-01-17
double,2026-01-17
doubt,2026-01-17
down,2026-01-17
download,2026-01-26
downstairs,2026-01-19
dozen,2026-01-23
drag,2026-01-18
drama,2026-01-23
dramatic,2026-01-26
draw,2026-01-23
drawing,2026-01-23
dream,2026-01-17
dress,2026-01-17
dressed,2026-01-23
drink,2026-01-17
drinking,2026-01-17
drive,2026-01-17
driver,2026-01-21
driving,2026-01-23
drop,2026-01-17
drug,2026-01-21
drunk,2026-01-17
dry,2026-01-18
due,2026-01-18
dump,2026-01-17
during,2026-01-17
dust,2026-01-22
duty,2026-01-21
dvd,2026-01-23
each,2026-01-17
ear,2026-01-17
early,2026-01-17
earn,2026-01-17
earring,2026-01-17
earth,2026-01-17
earthquake,2026-01-23
easily,2026-01-23
east,2026-01-21
eastern,2026-01-23
easy,2026-01-17
eat,2026-01-17
economic,2026-01-23
economy,2026-01-23
edge,2026-01-23
edit,2026-01-23
educate,2026-01-23
educated,2026-01-23
education,2026-01-23
effect,2026-01-21
effective,2026-01-26
effectively,2026-01-26
efficient,2026-01-26
effort,2026-01-21
egg,2026-01-17
eight,2026-01-17
eighteen,2026-01-23
eighty,2026-01-26
either,2026-01-17
elderly,2026-01-26
elect,2026-01-23
election,2026-01-19
electric,2026-01-18
electronic,2026-01-23
element,2026-01-23
elephant,2026-01-26
elevator,2026-01-22
eleven,2026-01-23
else,2026-01-17
elsewhere,2026-01-23
em,2026-01-17
email,2026-01-23
embarrass,2026-01-17
embarrassed,2026-01-22
embarrassing,2026-01-21
emergency,2026-01-17
emotion,2026-01-17
emotional,2026-01-18
employ,2026-01-23
employee,2026-01-26
employer,2026-01-26
employment,2026-01-26
empty,2026-01-17
enable,2026-01-23
encourage,2026-01-26
end,2026-01-17
ending,2026-01-23
endless,2026-01-26
enemy,2026-01-19
energy,2026-01-23
engage,2026-01-17
engine,2026-01-23
engineer,2026-01-23
english,2026-01-21
enhance,2026-01-23
enjoy,2026-01-17
enough,2026-01-17
enrich,2026-01-26
enter,2026-01-21
entertain,2026-01-21
entertainment,2026-01-25
enthusiasm,2026-01-26
enthusiastic,2026-01-26
entire,2026-01-17
entirely,2026-01-18
entrance,2026-01-26
entry,2026-01-25
envelope,2026-01-26
episode,2026-01-18
equal,2026-01-23
equally,2026-01-23
equipment,2026-01-23
error,2026-01-19
escape,2026-01-22
especially,2026-01-17
essay,2026-01-23
europe,2026-01-17
even,2026-01-17
evening,2026-01-17
event,2026-01-22
eventually,2026-01-17
ever,2026-01-17
every,2026-01-17
everybody,2026-01-17
everyday,2026-01-26
everyone,2026-01-17
everything,2026-01-17
everywhere,2026-01-17
evidence,2026-01-25
evil,2026-01-17
ex,2026-01-17
ex-husband,2026-01-17
exact,2026-01-17
exactly,2026-01-17
exam,2026-01-23
example,2026-01-17
excellent,2026-01-17
except,2026-01-17
exchange,2026-01-21
excite,2026-01-17
excited,2026-01-17
exciting,2026-01-18
excuse,2026-01-17
exercise,2026-01-26
exhaust,2026-01-17
exist,2026-01-21
exit,2026-01-23
expect,2026-01-17
expensive,2026-01-17
experience,2026-01-17
experiment,2026-01-23
expert,2026-01-21
explain,2026-01-17
explanation,2026-01-17
explore,2026-01-22
export,2026-01-23
expose,2026-01-23
express,2026-01-26
expression,2026-01-21
extend,2026-01-26
extra,2026-01-17
extraordinary,2026-01-22
extreme,2026-01-23
extremely,2026-01-21
eye,2026-01-17
eyebrow,2026-01-26
fabulous,2026-01-17
face,2026-01-17
fact,2026-01-17
factory,2026-01-23
fail,2026-01-17
failure,2026-01-21
fair,2026-01-21
fake,2026-01-17
fall,2026-01-17
false,2026-01-21
familiar,2026-01-22
family,2026-01-17
famous,2026-01-18
fan,2026-01-18
fancy,2026-01-17
fantastic,2026-01-17
fantasy,2026-01-17
far,2026-01-17
farm,2026-01-22
farmer,2026-01-23
farming,2026-01-23
fashion,2026-01-17
fast,2026-01-17
faster,2026-01-26
fat,2026-01-17
father,2026-01-17
fault,2026-01-17
favor,2026-01-17
favorite,2026-01-17
fear,2026-01-18
feature,2026-01-23
fee,2026-01-23
feed,2026-01-26
feedback,2026-01-23
feel,2026-01-17
feeling,2026-01-17
felicia,2026-01-17
fell,2026-01-17
felt,2026-01-17
female,2026-01-19
fence,2026-01-19
fever,2026-01-21
few,2026-01-17
field,2026-01-21
fifth,2026-01-18
fifty,2026-01-23
fight,2026-01-17
fighting,2026-01-25
figure,2026-01-17
file,2026-01-17
fill,2026-01-17
film,2026-01-26
final,2026-01-17
finally,2026-01-17
finance,2026-01-26
financial,2026-01-17
find,2026-01-17
finding,2026-01-26
fine,2026-01-17
finger,2026-01-17
finish,2026-01-17
fire,2026-01-17
firm,2026-01-19
first,2026-01-17
fish,2026-01-17
fishing,2026-01-23
fit,2026-01-17
five,2026-01-17
fix,2026-01-17
fixed,2026-01-23
flag,2026-01-26
flat,2026-01-18
flight,2026-01-22
flip,2026-01-26
flirt,2026-01-17
float,2026-01-23
flood,2026-01-23
floor,2026-01-17
flour,2026-01-26
flow,2026-01-23
flower,2026-01-17
flu,2026-01-26
fly,2026-01-17
flying,2026-01-23
focus,2026-01-17
fold,2026-01-26
folk,2026-01-18
follow,2026-01-17
following,2026-01-23
food,2026-01-17
fool,2026-01-17
foot,2026-01-17
football,2026-01-23
for,2026-01-17
forbid,2026-01-17
force,2026-01-17
foreign,2026-01-23
forest,2026-01-23
forever,2026-01-17
forget,2026-01-17
forgive,2026-01-17
forgot,2026-01-26
fork,2026-01-21
form,2026-01-22
formal,2026-01-21
former,2026-01-23
fortunately,2026-01-26
forty,2026-01-23
forward,2026-01-17
found,2026-01-26
four,2026-01-17
fourteen,2026-01-23
fourth,2026-01-18
frame,2026-01-21
frankly,2026-01-19
freak,2026-01-17
free,2026-01-17
freedom,2026-01-23
freeze,2026-01-23
freezer,2026-01-19
french,2026-01-17
frequency,2026-01-26
frequently,2026-01-26
fresh,2026-01-17
friday,2026-01-17
friend,2026-01-17
friendly,2026-01-18
friends,2026-01-17
friendship,2026-01-17
frightened,2026-01-23
frog,2026-01-23
from,2026-01-17
front,2026-01-17
frozen,2026-01-23
fruit,2026-01-21
fry,2026-01-22
full,2026-01-17
fully,2026-01-21
fun,2026-01-17
function,2026-01-22
fund,2026-01-23
funeral,2026-01-17
funny,2026-01-17
fur,2026-01-23
furniture,2026-01-19
future,2026-01-17
gabby,2026-01-17
game,2026-01-17
gang,2026-01-26
gap,2026-01-23
garage,2026-01-17
garbage,2026-01-17
garden,2026-01-26
gas,2026-01-21
gate,2026-01-21
gather,2026-01-18
gay,2026-01-17
gaze,2026-01-26
general,2026-01-22
generous,2026-01-17
genius,2026-01-19
gentle,2026-01-22
gentleman,2026-01-17
geography,2026-01-26
george,2026-01-17
gesture,2026-01-19
get,2026-01-17
ghost,2026-01-21
gift,2026-01-17
girl,2026-01-17
girlfriend,2026-01-17
girls,2026-01-17
give,2026-01-17
glad,2026-01-17
glass,2026-01-17
global,2026-01-26
glove,2026-01-26
go,2026-01-17
goal,2026-01-19
god,2026-01-17
gold,2026-01-21
golf,2026-01-17
good,2026-01-17
good-bye,2026-01-17
goodness,2026-01-22
goods,2026-01-26
gossip,2026-01-17
grab,2026-01-17
grade,2026-01-22
graduate,2026-01-22
grand,2026-01-17
grandfather,2026-01-21
grandma,2026-01-17
grandmother,2026-01-17
grant,2026-01-19
grateful,2026-01-21
gray,2026-01-23
great,2026-01-17
green,2026-01-17
grind,2026-01-26
grocery,2026-01-26
ground,2026-01-17
group,2026-01-17
grow,2026-01-17
growth,2026-01-26
guarantee,2026-01-26
guard,2026-01-22
guess,2026-01-17
guest,2026-01-17
guide,2026-01-23
guilt,2026-01-17
guilty,2026-01-17
guitar,2026-01-22
gun,2026-01-17
gut,2026-01-17
guy,2026-01-17
guys,2026-01-17
gym,2026-01-21
ha,2026-01-18
habit,2026-01-23
hair,2026-01-17
half,2026-01-17
hall,2026-01-21
hand,2026-01-17
handle,2026-01-17
handsome,2026-01-17
hang,2026-01-17
happen,2026-01-17
happily,2026-01-18
happiness,2026-01-17
happy,2026-01-17
hard,2026-01-17
hardly,2026-01-17
harm,2026-01-18
harmful,2026-01-26
harvest,2026-01-26
hat,2026-01-17
hate,2026-01-17
have,2026-01-17
haven,2026-01-17
he,2026-01-17
head,2026-01-17
headline,2026-01-26
heal,2026-01-26
health,2026-01-17
healthy,2026-01-18
hear,2026-01-17
heard,2026-01-17
hearing,2026-01-21
heart,2026-01-17
heat,2026-01-21
heaven,2026-01-17
heavy,2026-01-21
helicopter,2026-01-25
hell,2026-01-17
hello,2026-01-17
help,2026-01-17
helpful,2026-01-23
her,2026-01-17
herb,2026-01-26
here,2026-01-17
hero,2026-01-17
hers,2026-01-21
herself,2026-01-17
hey,2026-01-17
hi,2026-01-17
hidden,2026-01-18
hide,2026-01-17
high,2026-01-17
highway,2026-01-21
hike,2026-01-26
him,2026-01-17
himself,2026-01-17
hire,2026-01-17
his,2026-01-17
history,2026-01-17
hit,2026-01-17
hobby,2026-01-26
hold,2026-01-17
hole,2026-01-22
holiday,2026-01-18
home,2026-01-17
homeless,2026-01-17
homework,2026-01-18
honest,2026-01-17
honestly,2026-01-17
honey,2026-01-17
honeymoon,2026-01-22
honor,2026-01-17
hook,2026-01-17
hooker,2026-01-26
hop,2026-01-17
hope,2026-01-17
horrible,2026-01-17
horse,2026-01-18
hospital,2026-01-17
host,2026-01-18
hot,2026-01-17
hotel,2026-01-17
hour,2026-01-17
house,2026-01-17
housewife,2026-01-17
how,2026-01-17
however,2026-01-25
hug,2026-01-17
huge,2026-01-17
human,2026-01-17
humiliate,2026-01-17
humor,2026-01-19
hundred,2026-01-17
hungry,2026-01-17
hunt,2026-01-18
hunting,2026-01-23
hurry,2026-01-17
hurt,2026-01-17
husband,2026-01-17
i,2026-01-23
ice,2026-01-17
icon,2026-01-26
id,2026-01-26
idea,2026-01-17
ideal,2026-01-23
identify,2026-01-21
idiot,2026-01-17
if,2026-01-17
ignore,2026-01-18
ill,2026-01-23
illegal,2026-01-23
illness,2026-01-26
image,2026-01-18
imagination,2026-01-18
imagine,2026-01-17
import,2026-01-23
importance,2026-01-23
important,2026-01-17
impossible,2026-01-17
impress,2026-01-25
impressed,2026-01-26
impression,2026-01-23
impressive,2026-01-21
improve,2026-01-23
improvement,2026-01-23
in,2026-01-17
inch,2026-01-23
include,2026-01-17
included,2026-01-26
income,2026-01-23
increase,2026-01-22
incredible,2026-01-21
incredibly,2026-01-17
independent,2026-01-21
index,2026-01-26
individual,2026-01-21
indoor,2026-01-26
indoors,2026-01-26
industry,2026-01-26
info,2026-01-26
inform,2026-01-26
information,2026-01-17
initial,2026-01-26
initially,2026-01-26
injure,2026-01-23
injured,2026-01-21
inner,2026-01-23
innocent,2026-01-17
insane,2026-01-17
inside,2026-01-17
insist,2026-01-17
inspire,2026-01-21
install,2026-01-19
instance,2026-01-26
instead,2026-01-17
institution,2026-01-26
insult,2026-01-17
insurance,2026-01-17
intend,2026-01-22
intention,2026-01-19
interest,2026-01-17
interested,2026-01-17
interesting,2026-01-17
interface,2026-01-26
international,2026-01-26
internet,2026-01-21
interrupt,2026-01-17
interview,2026-01-18
into,2026-01-17
introduce,2026-01-17
introduction,2026-01-26
investigate,2026-01-21
investigation,2026-01-21
invitation,2026-01-17
invite,2026-01-17
involve,2026-01-17
involved,2026-01-26
iron,2026-01-18
island,2026-01-25
isn,2026-01-17
isolated,2026-01-26
isolation,2026-01-26
issue,2026-01-17
it,2026-01-17
item,2026-01-18
its,2026-01-23
itself,2026-01-18
jacket,2026-01-18
jackson,2026-01-17
jail,2026-01-17
jazz,2026-01-25
jealous,2026-01-17
jeans,2026-01-26
jet,2026-01-26
jewelry,2026-01-17
jimmy,2026-01-18
job,2026-01-17
john,2026-01-17
join,2026-01-17
joke,2026-01-17
journey,2026-01-26
joy,2026-01-26
judge,2026-01-17
judgment,2026-01-25
juice,2026-01-19
july,2026-01-19
jump,2026-01-17
just,2026-01-17
karen,2026-01-17
keep,2026-01-17
key,2026-01-17
kick,2026-01-17
kid,2026-01-17
kill,2026-01-17
killer,2026-01-17
killing,2026-01-19
kind,2026-01-17
kinda,2026-01-17
king,2026-01-19
kiss,2026-01-17
kit,2026-01-26
kitchen,2026-01-17
knee,2026-01-18
knife,2026-01-21
knock,2026-01-17
know,2026-01-17
knowledge,2026-01-19
lab,2026-01-19
label,2026-01-18
lack,2026-01-26
ladies,2026-01-22
lady,2026-01-17
lake,2026-01-17
lamp,2026-01-21
land,2026-01-17
lane,2026-01-17
language,2026-01-19
lap,2026-01-26
laptop,2026-01-19
large,2026-01-17
last,2026-01-17
late,2026-01-17
lately,2026-01-17
later,2026-01-17
latest,2026-01-19
laugh,2026-01-17
launch,2026-01-23
law,2026-01-18
lawyer,2026-01-17
lay,2026-01-17
layer,2026-01-19
lazy,2026-01-19
lead,2026-01-17
leader,2026-01-19
leadership,2026-01-19
leading,2026-01-19
leaf,2026-01-19
lean,2026-01-22
learn,2026-01-17
learning,2026-01-19
least,2026-01-17
leather,2026-01-19
leave,2026-01-17
lee,2026-01-17
left,2026-01-19
leg,2026-01-17
legal,2026-01-17
lemon,2026-01-19
lend,2026-01-19
length,2026-01-19
lesbian,2026-01-17
less,2026-01-17
lesson,2026-01-17
let,2026-01-17
letter,2026-01-17
level,2026-01-17
liar,2026-01-17
library,2026-01-23
license,2026-01-17
lie,2026-01-17
life,2026-01-17
lifestyle,2026-01-23
lift,2026-01-17
light,2026-01-17
like,2026-01-17
likely,2026-01-22
limit,2026-01-19
limited,2026-01-19
line,2026-01-17
link,2026-01-21
lion,2026-01-19
lip,2026-01-22
liquid,2026-01-19
list,2026-01-17
listen,2026-01-17
listener,2026-01-19
little,2026-01-17
live,2026-01-17
living,2026-01-17
load,2026-01-21
loan,2026-01-17
local,2026-01-18
locate,2026-01-26
located,2026-01-26
location,2026-01-19
lock,2026-01-17
log,2026-01-26
logic,2026-01-26
logical,2026-01-23
logo,2026-01-26
loneliness,2026-01-26
lonely,2026-01-17
long,2026-01-17
long-term,2026-01-23
longer,2026-01-17
look,2026-01-17
loose,2026-01-18
lord,2026-01-17
lose,2026-01-17
loser,2026-01-26
loss,2026-01-17
lost,2026-01-19
lot,2026-01-17
loud,2026-01-17
loudly,2026-01-23
love,2026-01-17
lovely,2026-01-17
lover,2026-01-17
low,2026-01-17
lower,2026-01-19
luck,2026-01-17
luckily,2026-01-18
lucky,2026-01-17
lunch,2026-01-17
lung,2026-01-21
ma,2026-01-17
machine,2026-01-17
mad,2026-01-17
magazine,2026-01-17
magic,2026-01-18
mail,2026-01-17
main,2026-01-19
mainly,2026-01-26
maintain,2026-01-19
major,2026-01-17
majority,2026-01-26
make,2026-01-17
makeup,2026-01-17
male,2026-01-19
mall,2026-01-17
mama,2026-01-17
man,2026-01-17
manage,2026-01-18
management,2026-01-23
manager,2026-01-26
manner,2026-01-19
many,2026-01-17
map,2026-01-19
march,2026-01-26
mark,2026-01-17
market,2026-01-17
marketing,2026-01-22
marriage,2026-01-17
married,2026-01-17
marry,2026-01-17
mary,2026-01-17
mask,2026-01-26
master,2026-01-19
match,2026-01-17
matching,2026-01-23
math,2026-01-17
matter,2026-01-17
matthew,2026-01-17
maximum,2026-01-26
may,2026-01-17
maybe,2026-01-17
mayer,2026-01-17
mayor,2026-01-23
me,2026-01-17
meal,2026-01-17
mean,2026-01-17
meaning,2026-01-19
meaningful,2026-01-26
means,2026-01-23
meanwhile,2026-01-22
meat,2026-01-17
media,2026-01-19
medical,2026-01-19
medicine,2026-01-21
medium,2026-01-19
meet,2026-01-17
meeting,2026-01-17
memory,2026-01-17
men,2026-01-17
mental,2026-01-19
mention,2026-01-17
menu,2026-01-17
mess,2026-01-17
message,2026-01-17
metal,2026-01-19
method,2026-01-19
mexican,2026-01-19
middle,2026-01-17
midnight,2026-01-18
might,2026-01-17
mike,2026-01-17
mile,2026-01-17
milk,2026-01-17
million,2026-01-17
mind,2026-01-17
mine,2026-01-17
mint,2026-01-18
minute,2026-01-17
mirror,2026-01-18
miserable,2026-01-17
miss,2026-01-17
missing,2026-01-26
mistake,2026-01-17
mix,2026-01-19
mixed,2026-01-19
mock,2026-01-26
model,2026-01-17
modify,2026-01-26
mom,2026-01-17
moment,2026-01-17
mommy,2026-01-17
monday,2026-01-17
money,2026-01-17
monitor,2026-01-19
monkey,2026-01-26
monster,2026-01-17
month,2026-01-17
monthly,2026-01-26
mood,2026-01-17
moon,2026-01-18
more,2026-01-17
morning,2026-01-17
most,2026-01-17
mostly,2026-01-17
motel,2026-01-17
mother,2026-01-17
motorcycle,2026-01-21
mount,2026-01-19
mountain,2026-01-26
mouse,2026-01-26
mouth,2026-01-17
move,2026-01-17
movie,2026-01-17
moving,2026-01-26
mr,2026-01-17
mrs,2026-01-17
ms,2026-01-18
much,2026-01-17
mud,2026-01-19
muffin,2026-01-22
multiple,2026-01-26
multiply,2026-01-19
murder,2026-01-17
murderer,2026-01-17
museum,2026-01-26
music,2026-01-17
musical,2026-01-23
must,2026-01-17
my,2026-01-17
myself,2026-01-17
mysterious,2026-01-18
mystery,2026-01-21
n,2026-01-19
nail,2026-01-17
naked,2026-01-17
name,2026-01-17
nanny,2026-01-19
nap,2026-01-17
nation,2026-01-26
national,2026-01-25
native,2026-01-25
natural,2026-01-17
naturally,2026-01-21
nature,2026-01-17
near,2026-01-17
nearly,2026-01-21
necessarily,2026-01-22
necessary,2026-01-18
neck,2026-01-17
need,2026-01-17
needle,2026-01-25
negative,2026-01-21
neighbor,2026-01-17
neighborhood,2026-01-17
neither,2026-01-17
nerve,2026-01-17
nervous,2026-01-17
net,2026-01-23
network,2026-01-26
never,2026-01-17
new,2026-01-17
news,2026-01-17
newspaper,2026-01-19
next,2026-01-17
nice,2026-01-17
nick,2026-01-18
night,2026-01-17
nightmare,2026-01-17
nine,2026-01-17
ninety,2026-01-26
no,2026-01-17
nobody,2026-01-17
noise,2026-01-19
noisy,2026-01-26
none,2026-01-17
nor,2026-01-26
normal,2026-01-17
normally,2026-01-18
north,2026-01-19
northern,2026-01-22
nose,2026-01-17
not,2026-01-17
note,2026-01-17
nothing,2026-01-17
notice,2026-01-17
noun,2026-01-23
novel,2026-01-19
now,2026-01-17
nowhere,2026-01-17
nuclear,2026-01-26
number,2026-01-17
nurse,2026-01-17
nut,2026-01-18
o,2026-01-19
obey,2026-01-21
object,2026-01-26
obvious,2026-01-17
obviously,2026-01-17
occur,2026-01-17
ocean,2026-01-19
odd,2026-01-17
of,2026-01-17
off,2026-01-17
offend,2026-01-25
offense,2026-01-21
offer,2026-01-17
office,2026-01-17
officer,2026-01-17
official,2026-01-19
officially,2026-01-17
often,2026-01-17
oh,2026-01-17
oil,2026-01-23
ok,2026-01-17
okay,2026-01-17
old,2026-01-17
old-fashioned,2026-01-18
on,2026-01-17
once,2026-01-17
one,2026-01-17
onion,2026-01-23
online,2026-01-18
only,2026-01-17
onto,2026-01-22
ooh,2026-01-17
open,2026-01-17
opening,2026-01-23
operate,2026-01-21
operation,2026-01-18
operator,2026-01-26
opinion,2026-01-18
opportunity,2026-01-17
option,2026-01-17
or,2026-01-17
orange,2026-01-17
order,2026-01-17
ordinary,2026-01-18
organ,2026-01-22
organize,2026-01-26
origin,2026-01-23
original,2026-01-26
other,2026-01-17
otherwise,2026-01-19
our,2026-01-17
ours,2026-01-17
ourselves,2026-01-17
out,2026-01-17
outdoor,2026-01-19
outdoors,2026-01-26
outside,2026-01-17
oven,2026-01-18
over,2026-01-17
overall,2026-01-21
owe,2026-01-17
own,2026-01-17
owner,2026-01-23
oxford,2026-01-19
pack,2026-01-18
package,2026-01-18
packet,2026-01-26
page,2026-01-17
pain,2026-01-17
painful,2026-01-17
paint,2026-01-17
painting,2026-01-18
pair,2026-01-17
palace,2026-01-21
pan,2026-01-25
pancake,2026-01-22
panel,2026-01-26
panic,2026-01-18
pant,2026-01-26
pants,2026-01-26
paper,2026-01-17
pardon,2026-01-18
parent,2026-01-17
park,2026-01-17
parker,2026-01-17
parking,2026-01-21
part,2026-01-17
particular,2026-01-18
particularly,2026-01-23
partner,2026-01-17
party,2026-01-17
pass,2026-01-17
passion,2026-01-18
past,2026-01-17
path,2026-01-18
patient,2026-01-17
pattern,2026-01-19
paul,2026-01-17
pay,2026-01-17
payment,2026-01-22
peace,2026-01-18
peaceful,2026-01-19
pee,2026-01-18
pen,2026-01-19
pencil,2026-01-19
penny,2026-01-18
people,2026-01-17
per,2026-01-19
perfect,2026-01-17
perfectly,2026-01-17
perform,2026-01-22
performance,2026-01-26
perhaps,2026-01-17
permit,2026-01-22
person,2026-01-17
personal,2026-01-17
personally,2026-01-18
pet,2026-01-17
peter,2026-01-18
phase,2026-01-18
phone,2026-01-17
photo,2026-01-17
photographer,2026-01-21
phrase,2026-01-26
physical,2026-01-25
piano,2026-01-19
pick,2026-01-17
picture,2026-01-17
pie,2026-01-17
piece,2026-01-17
pig,2026-01-17
pile,2026-01-18
pill,2026-01-17
pillow,2026-01-18
pilot,2026-01-23
pin,2026-01-23
pink,2026-01-21
pipe,2026-01-23
piss,2026-01-17
pizza,2026-01-17
place,2026-01-17
plain,2026-01-26
plan,2026-01-17
plane,2026-01-17
planet,2026-01-26
plastic,2026-01-21
plate,2026-01-22
platform,2026-01-26
play,2026-01-17
player,2026-01-17
playing,2026-01-26
pleasant,2026-01-22
please,2026-01-17
pleased,2026-01-23
pleasure,2026-01-17
plenty,2026-01-17
plug,2026-01-26
plus,2026-01-19
pocket,2026-01-22
poem,2026-01-18
point,2026-01-17
poison,2026-01-17
poker,2026-01-26
police,2026-01-17
policeman,2026-01-26
policy,2026-01-25
polite,2026-01-18
pollution,2026-01-19
pool,2026-01-17
poor,2026-01-17
pop,2026-01-17
popular,2026-01-19
porch,2026-01-18
porn,2026-01-17
port,2026-01-19
porter,2026-01-17
portrait,2026-01-21
position,2026-01-17
positive,2026-01-19
possibility,2026-01-21
possible,2026-01-17
possibly,2026-01-17
post,2026-01-26
pot,2026-01-17
potato,2026-01-19
pour,2026-01-17
power,2026-01-17
powerful,2026-01-19
practically,2026-01-17
practice,2026-01-17
pray,2026-01-19
prefer,2026-01-17
pregnant,2026-01-17
prep,2026-01-23
prepare,2026-01-17
prepared,2026-01-21
presence,2026-01-21
present,2026-01-18
presentation,2026-01-21
president,2026-01-19
press,2026-01-18
pressure,2026-01-17
pretend,2026-01-17
pretty,2026-01-17
previous,2026-01-26
previously,2026-01-17
price,2026-01-17
priest,2026-01-26
primary,2026-01-26
princess,2026-01-21
principal,2026-01-21
print,2026-01-18
printer,2026-01-19
printing,2026-01-19
priority,2026-01-19
prison,2026-01-17
private,2026-01-17
probably,2026-01-17
problem,2026-01-17
procedure,2026-01-21
process,2026-01-17
produce,2026-01-22
professional,2026-01-17
profile,2026-01-26
program,2026-01-19
progress,2026-01-26
project,2026-01-17
promise,2026-01-17
pronounce,2026-01-26
proof,2026-01-18
proper,2026-01-25
proposal,2026-01-17
propose,2026-01-21
protect,2026-01-17
protection,2026-01-21
protest,2026-01-19
proud,2026-01-17
prove,2026-01-17
provide,2026-01-17
public,2026-01-17
pull,2026-01-17
punish,2026-01-17
pure,2026-01-26
purple,2026-01-25
purpose,2026-01-21
purse,2026-01-18
push,2026-01-17
put,2026-01-17
quarter,2026-01-21
queen,2026-01-23
question,2026-01-17
quick,2026-01-17
quickly,2026-01-17
quiet,2026-01-17
quietly,2026-01-19
quit,2026-01-17
quite,2026-01-17
quote,2026-01-18
race,2026-01-19
rachel,2026-01-26
radio,2026-01-18
rage,2026-01-17
rain,2026-01-18
raise,2026-01-17
range,2026-01-25
rapidly,2026-01-26
rare,2026-01-21
rarely,2026-01-26
rat,2026-01-22
rate,2026-01-22
rather,2026-01-17
ratio,2026-01-26
raw,2026-01-19
re,2026-01-17
reach,2026-01-17
react,2026-01-17
reaction,2026-01-21
read,2026-01-17
reader,2026-01-26
ready,2026-01-17
real,2026-01-17
realistic,2026-01-26
reality,2026-01-21
realize,2026-01-17
really,2026-01-17
reason,2026-01-17
reasonable,2026-01-21
recall,2026-01-26
receipt,2026-01-26
receive,2026-01-17
recent,2026-01-26
recently,2026-01-18
recipe,2026-01-18
recognize,2026-01-17
recommend,2026-01-18
record,2026-01-17
recover,2026-01-18
recycle,2026-01-26
red,2026-01-17
redhead,2026-01-26
reduce,2026-01-26
refer,2026-01-19
reflect,2026-01-26
refrigerator,2026-01-21
refuse,2026-01-17
register,2026-01-26
regret,2026-01-17
regular,2026-01-18
reject,2026-01-19
rejection,2026-01-26
relate,2026-01-19
related,2026-01-26
relationship,2026-01-17
relative,2026-01-21
relax,2026-01-17
release,2026-01-17
reliable,2026-01-22
relief,2026-01-18
relieve,2026-01-18
religious,2026-01-26
remain,2026-01-17
remember,2026-01-17
remind,2026-01-17
remote,2026-01-18
remove,2026-01-17
rent,2026-01-17
repair,2026-01-19
repeat,2026-01-19
repeated,2026-01-19
replace,2026-01-17
report,2026-01-17
reporter,2026-01-26
represent,2026-01-18
reputation,2026-01-21
request,2026-01-18
require,2026-01-18
rescue,2026-01-19
research,2026-01-21
reservation,2026-01-21
resident,2026-01-18
resist,2026-01-19
resolve,2026-01-21
respect,2026-01-17
respond,2026-01-18
responsibility,2026-01-17
responsible,2026-01-18
rest,2026-01-17
restaurant,2026-01-17
result,2026-01-17
retire,2026-01-19
retired,2026-01-26
return,2026-01-17
reveal,2026-01-17
review,2026-01-26
reward,2026-01-19
rex,2026-01-17
rich,2026-01-17
rid,2026-01-17
ride,2026-01-17
ridiculous,2026-01-17
right,2026-01-17
ring,2026-01-17
rise,2026-01-17
risk,2026-01-17
river,2026-01-26
road,2026-01-17
robot,2026-01-26
rock,2026-01-19
role,2026-01-21
roll,2026-01-17
romantic,2026-01-17
roof,2026-01-17
room,2026-01-17
roommate,2026-01-17
root,2026-01-21
rough,2026-01-17
route,2026-01-22
routine,2026-01-22
rub,2026-01-17
rude,2026-01-17
ruin,2026-01-17
rule,2026-01-17
run,2026-01-17
runner,2026-01-26
running,2026-01-26
rush,2026-01-17
sacrifice,2026-01-17
sad,2026-01-17
sadly,2026-01-17
safe,2026-01-17
safety,2026-01-21
sake,2026-01-17
salad,2026-01-18
salary,2026-01-22
sale,2026-01-17
salt,2026-01-19
same,2026-01-17
sample,2026-01-25
sand,2026-01-26
sandwich,2026-01-17
santa,2026-01-26
satisfied,2026-01-26
satisfy,2026-01-22
saturday,2026-01-17
sauce,2026-01-17
save,2026-01-17
saw,2026-01-17
say,2026-01-17
sb,2026-01-19
scale,2026-01-25
scan,2026-01-19
scar,2026-01-17
scare,2026-01-17
scared,2026-01-23
scary,2026-01-18
scene,2026-01-25
schedule,2026-01-17
school,2026-01-17
science,2026-01-18
scientist,2026-01-25
score,2026-01-17
scream,2026-01-17
screen,2026-01-21
screw,2026-01-18
script,2026-01-19
sea,2026-01-19
search,2026-01-17
season,2026-01-17
seat,2026-01-17
sec,2026-01-17
second,2026-01-17
secondary,2026-01-19
secret,2026-01-17
secretary,2026-01-22
section,2026-01-19
security,2026-01-17
see,2026-01-17
seed,2026-01-19
seek,2026-01-18
seem,2026-01-17
select,2026-01-26
self,2026-01-26
self-defense,2026-01-18
selfish,2026-01-17
sell,2026-01-17
send,2026-01-17
senior,2026-01-21
sense,2026-01-17
sentence,2026-01-17
separate,2026-01-17
september,2026-01-21
serious,2026-01-17
seriously,2026-01-17
serve,2026-01-17
service,2026-01-17
session,2026-01-17
set,2026-01-17
settle,2026-01-21
seven,2026-01-17
several,2026-01-21
sex,2026-01-17
sexual,2026-01-17
sexy,2026-01-17
shake,2026-01-17
shall,2026-01-17
shallow,2026-01-22
shame,2026-01-17
shape,2026-01-18
share,2026-01-17
shark,2026-01-22
shave,2026-01-26
she,2026-01-17
sheep,2026-01-26
sheet,2026-01-18
shelf,2026-01-21
shelter,2026-01-25
shift,2026-01-22
shine,2026-01-21
ship,2026-01-23
shirt,2026-01-17
shock,2026-01-17
shoe,2026-01-17
shoot,2026-01-17
shooting,2026-01-21
shop,2026-01-17
shopping,2026-01-17
short,2026-01-17
shot,2026-01-17
should,2026-01-17
shoulder,2026-01-17
shout,2026-01-21
show,2026-01-17
shower,2026-01-17
shrink,2026-01-26
shut,2026-01-17
shy,2026-01-18
sick,2026-01-17
side,2026-01-17
sight,2026-01-19
sign,2026-01-17
signal,2026-01-19
silence,2026-01-19
silent,2026-01-19
silly,2026-01-17
silver,2026-01-19
similar,2026-01-19
simple,2026-01-17
simply,2026-01-17
sin,2026-01-17
since,2026-01-17
sing,2026-01-17
singer,2026-01-21
single,2026-01-17
sink,2026-01-21
sir,2026-01-18
sister,2026-01-17
sit,2026-01-17
site,2026-01-17
situation,2026-01-17
six,2026-01-17
sixteen,2026-01-19
sixty,2026-01-19
size,2026-01-17
ski,2026-01-18
skiing,2026-01-19
skill,2026-01-17
skin,2026-01-19
skinny,2026-01-26
skip,2026-01-18
skirt,2026-01-19
skull,2026-01-26
sky,2026-01-19
slap,2026-01-22
slave,2026-01-18
sleep,2026-01-17
slide,2026-01-21
slightly,2026-01-21
slip,2026-01-17
slow,2026-01-17
slowly,2026-01-25
slut,2026-01-18
small,2026-01-17
smart,2026-01-17
smell,2026-01-17
smile,2026-01-17
smoke,2026-01-17
smoking,2026-01-25
sneak,2026-01-17
snore,2026-01-26
snow,2026-01-19
so,2026-01-17
soccer,2026-01-21
social,2026-01-17
sock,2026-01-19
soda,2026-01-26
sofa,2026-01-18
soft,2026-01-19
software,2026-01-19
solid,2026-01-19
solo,2026-01-26
solution,2026-01-19
solve,2026-01-19
some,2026-01-17
somebody,2026-01-17
someday,2026-01-18
somehow,2026-01-26
someone,2026-01-17
something,2026-01-17
sometime,2026-01-18
sometimes,2026-01-17
somewhere,2026-01-17
son,2026-01-17
song,2026-01-17
soon,2026-01-17
sooner,2026-01-17
sorry,2026-01-17
sort,2026-01-17
soul,2026-01-17
sound,2026-01-17
soup,2026-01-26
source,2026-01-21
south,2026-01-26
spa,2026-01-17
space,2026-01-18
spare,2026-01-17
speak,2026-01-17
speaker,2026-01-19
special,2026-01-17
specialist,2026-01-21
specific,2026-01-21
speech,2026-01-17
speed,2026-01-19
spend,2026-01-17
spider,2026-01-19
spin,2026-01-26
spirit,2026-01-25
split,2026-01-17
spoken,2026-01-19
sponsor,2026-01-19
sport,2026-01-17
spot,2026-01-22
spread,2026-01-17
spring,2026-01-17
spy,2026-01-26
stage,2026-01-22
stair,2026-01-21
stand,2026-01-17
standard,2026-01-25
star,2026-01-17
stare,2026-01-21
start,2026-01-17
state,2026-01-17
station,2026-01-18
stay,2026-01-17
steal,2026-01-17
step,2026-01-17
stepfather,2026-01-18
sth,2026-01-19
stick,2026-01-17
still,2026-01-17
stock,2026-01-22
stomach,2026-01-18
stone,2026-01-21
stop,2026-01-17
store,2026-01-17
storm,2026-01-19
story,2026-01-17
straight,2026-01-17
strange,2026-01-17
stranger,2026-01-17
strategy,2026-01-26
street,2026-01-17
stress,2026-01-17
stretch,2026-01-18
strict,2026-01-23
strike,2026-01-17
string,2026-01-21
strong,2026-01-17
struggle,2026-01-17
student,2026-01-17
study,2026-01-17
stuff,2026-01-17
stupid,2026-01-17
style,2026-01-21
subject,2026-01-26
submit,2026-01-26
succeed,2026-01-18
success,2026-01-25
successful,2026-01-17
successfully,2026-01-23
such,2026-01-17
suck,2026-01-17
sudden,2026-01-17
suddenly,2026-01-17
sue,2026-01-17
suffer,2026-01-17
suffering,2026-01-26
sugar,2026-01-18
suggest,2026-01-17
suggestion,2026-01-19
suicide,2026-01-17
suit,2026-01-17
suitcase,2026-01-18
sum,2026-01-19
summer,2026-01-17
sun,2026-01-18
sunday,2026-01-17
super,2026-01-26
supermarket,2026-01-22
supply,2026-01-21
support,2026-01-17
supporter,2026-01-25
suppose,2026-01-17
sure,2026-01-17
surely,2026-01-18
surface,2026-01-19
surgery,2026-01-22
surprise,2026-01-17
surprised,2026-01-17
surprising,2026-01-26
surround,2026-01-26
surrounding,2026-01-26
survey,2026-01-26
survive,2026-01-17
suspect,2026-01-17
suspicion,2026-01-26
swear,2026-01-17
sweet,2026-01-17
sweetheart,2026-01-17
sweetie,2026-01-17
swim,2026-01-17
swimming,2026-01-25
swing,2026-01-17
switch,2026-01-17
symbol,2026-01-26
system,2026-01-17
t-shirt,2026-01-19
table,2026-01-17
tag,2026-01-26
tail,2026-01-19
take,2026-01-17
taking,2026-01-26
tale,2026-01-26
talent,2026-01-19
talk,2026-01-17
tall,2026-01-19
tank,2026-01-26
tap,2026-01-26
tape,2026-01-17
task,2026-01-19
taste,2026-01-17
tax,2026-01-18
taxi,2026-01-19
tea,2026-01-17
teach,2026-01-17
teacher,2026-01-17
teaching,2026-01-19
team,2026-01-17
tear,2026-01-17
technical,2026-01-19
technically,2026-01-26
technique,2026-01-19
teen,2026-01-26
teenager,2026-01-17
teeth,2026-01-17
tell,2026-01-17
temperature,2026-01-19
ten,2026-01-17
tend,2026-01-21
tennis,2026-01-19
tent,2026-01-25
term,2026-01-17
terrible,2026-01-17
terrific,2026-01-17
terrify,2026-01-26
test,2026-01-17
text,2026-01-19
textbook,2026-01-26
than,2026-01-17
thank,2026-01-17
thanks,2026-01-17
that,2026-01-17
the,2026-01-17
their,2026-01-17
theirs,2026-01-19
them,2026-01-17
theme,2026-01-19
themselves,2026-01-17
then,2026-01-17
theory,2026-01-18
therapist,2026-01-17
therapy,2026-01-17
there,2026-01-17
therefore,2026-01-19
they,2026-01-17
thick,2026-01-21
thief,2026-01-19
thin,2026-01-18
thing,2026-01-17
think,2026-01-17
thinking,2026-01-17
third,2026-01-17
thirsty,2026-01-19
thirteen,2026-01-19
thirty,2026-01-26
this,2026-01-17
though,2026-01-17
thought,2026-01-17
thoughtful,2026-01-26
thousand,2026-01-18
threat,2026-01-18
threaten,2026-01-17
three,2026-01-17
thrill,2026-01-18
throat,2026-01-19
through,2026-01-17
throw,2026-01-17
thursday,2026-01-17
thus,2026-01-19
ticket,2026-01-17
tie,2026-01-17
tight,2026-01-17
till,2026-01-17
time,2026-01-17
timing,2026-01-17
tiny,2026-01-17
tip,2026-01-17
tire,2026-01-17
tired,2026-01-17
title,2026-01-19
to,2026-01-17
toast,2026-01-17
today,2026-01-17
toe,2026-01-19
together,2026-01-17
toilet,2026-01-17
told,2026-01-18
tom,2026-01-17
tomato,2026-01-19
tomorrow,2026-01-17
ton,2026-01-21
tongue,2026-01-26
tonight,2026-01-17
too,2026-01-17
tool,2026-01-18
tooth,2026-01-19
top,2026-01-17
topic,2026-01-19
toss,2026-01-18
total,2026-01-17
totally,2026-01-17
touch,2026-01-17
tough,2026-01-17
tour,2026-01-19
toward,2026-01-21
towel,2026-01-18
town,2026-01-17
toy,2026-01-17
track,2026-01-21
trade,2026-01-21
traditional,2026-01-18
traffic,2026-01-26
transfer,2026-01-19
trash,2026-01-17
travel,2026-01-17
treat,2026-01-17
treatment,2026-01-21
tree,2026-01-17
trial,2026-01-17
trick,2026-01-17
trigger,2026-01-26
trip,2026-01-17
trouble,2026-01-17
truck,2026-01-17
true,2026-01-17
truly,2026-01-17
trust,2026-01-17
truth,2026-01-17
try,2026-01-17
tuesday,2026-01-17
turn,2026-01-17
tv,2026-01-18
twelve,2026-01-26
twenty,2026-01-26
twice,2026-01-17
twin,2026-01-17
two,2026-01-17
type,2026-01-17
typical,2026-01-19
ugly,2026-01-17
umbrella,2026-01-18
unable,2026-01-26
unbelievable,2026-01-22
uncle,2026-01-18
uncomfortable,2026-01-17
under,2026-01-17
understand,2026-01-17
understanding,2026-01-19
underwear,2026-01-25
unexpected,2026-01-17
unfair,2026-01-19
unfortunately,2026-01-17
unhappy,2026-01-17
uniform,2026-01-19
union,2026-01-19
unique,2026-01-19
unit,2026-01-19
universe,2026-01-19
university,2026-01-26
unknown,2026-01-26
unless,2026-01-17
unlike,2026-01-26
unpack,2026-01-18
unpleasant,2026-01-22
until,2026-01-17
unusual,2026-01-21
up,2026-01-17
update,2026-01-19
upon,2026-01-18
upper,2026-01-19
upset,2026-01-17
upstairs,2026-01-17
urge,2026-01-26
us,2026-01-19
use,2026-01-17
used,2026-01-19
useful,2026-01-21
user,2026-01-26
usual,2026-01-25
usually,2026-01-17
v,2026-01-19
vacation,2026-01-17
vacuum,2026-01-26
valid,2026-01-26
valuable,2026-01-22
value,2026-01-17
van,2026-01-17
variable,2026-01-26
vehicle,2026-01-26
version,2026-01-26
very,2026-01-17
via,2026-01-19
victim,2026-01-17
victor,2026-01-17
victory,2026-01-18
video,2026-01-17
view,2026-01-19
viewer,2026-01-26
village,2026-01-21
violence,2026-01-19
violent,2026-01-18
virtual,2026-01-19
virus,2026-01-26
vision,2026-01-19
visit,2026-01-17
visitor,2026-01-19
visual,2026-01-19
voice,2026-01-17
volunteer,2026-01-17
vote,2026-01-17
waffle,2026-01-22
wait,2026-01-17
waiter,2026-01-19
wake,2026-01-17
walk,2026-01-17
wall,2026-01-17
wander,2026-01-26
want,2026-01-17
war,2026-01-17
warm,2026-01-17
warn,2026-01-17
warning,2026-01-21
wash,2026-01-17
waste,2026-01-17
watch,2026-01-17
water,2026-01-17
wave,2026-01-18
way,2026-01-17
we,2026-01-17
weak,2026-01-21
weakness,2026-01-22
weapon,2026-01-21
wear,2026-01-17
weather,2026-01-19
web,2026-01-17
website,2026-01-19
wedding,2026-01-17
wednesday,2026-01-21
week,2026-01-17
weekend,2026-01-17
weight,2026-01-18
weird,2026-01-17
welcome,2026-01-17
well,2026-01-17
west,2026-01-19
western,2026-01-26
wet,2026-01-23
what,2026-01-17
whatever,2026-01-17
wheel,2026-01-19
wheelchair,2026-01-26
when,2026-01-17
whenever,2026-01-17
where,2026-01-17
wherever,2026-01-26
whether,2026-01-17
which,2026-01-17
while,2026-01-17
white,2026-01-17
who,2026-01-17
whoever,2026-01-17
whole,2026-01-17
whom,2026-01-19
whore,2026-01-17
whose,2026-01-17
why,2026-01-17
wide,2026-01-19
width,2026-01-26
wife,2026-01-17
wild,2026-01-19
will,2026-01-17
williams,2026-01-17
willing,2026-01-17
win,2026-01-17
window,2026-01-17
wine,2026-01-17
wing,2026-01-18
winner,2026-01-19
winter,2026-01-21
wire,2026-01-26
wish,2026-01-17
wisteria,2026-01-17
with,2026-01-17
within,2026-01-17
without,2026-01-17
witness,2026-01-18
woman,2026-01-17
wonder,2026-01-17
wonderful,2026-01-17
wood,2026-01-21
word,2026-01-17
work,2026-01-17
worker,2026-01-19
working,2026-01-26
workplace,2026-01-26
world,2026-01-17
worldwide,2026-01-26
worried,2026-01-17
worry,2026-01-17
worse,2026-01-18
worst,2026-01-19
worth,2026-01-17
would,2026-01-17
wow,2026-01-17
wrap,2026-01-18
write,2026-01-17
writing,2026-01-19
written,2026-01-19
wrong,2026-01-17
yard,2026-01-17
yeah,2026-01-17
year,2026-01-17
yell,2026-01-17
yellow,2026-01-19
yes,2026-01-17
yesterday,2026-01-17
yet,2026-01-17
york,2026-01-17
you,2026-01-17
young,2026-01-17
your,2026-01-17
yours,2026-01-17
yourself,2026-01-17
youth,2026-01-26
zero,2026-01-18
zone,2026-01-19
